Project,Source Repo,Source Sha,Dist Repo,Dist Sha,Status,Last Success Timestamp,Pkg NVR
puppet-aodh,git://git.openstack.org/openstack/puppet-aodh,dcfd625888cfe2caea233efda3638d5278a0a80e,https://github.com/rdo-packages/puppet-aodh-distgit.git,7ba734388b22aa1ee082a2abdebdbcb884e750b2,SUCCESS,1483081036,puppet-aodh-10.1.0-0.20161230065730.dcfd625.el7.centos
puppet-barbican,git://git.openstack.org/openstack/puppet-barbican,7d595de4a7ee39e8e0b688147052bfb5eecf3747,https://github.com/rdo-packages/puppet-barbican-distgit.git,22b23a57c94e6e71145a2897261e3ed88afa712a,SUCCESS,1483466046,puppet-barbican-10.1.0-0.20170103175606.7d595de.el7.centos
puppet-ceilometer,git://git.openstack.org/openstack/puppet-ceilometer,6e7688e2e1de035307744edacc2fb565d3ffc0e9,https://github.com/rdo-packages/puppet-ceilometer-distgit.git,2ea4e706e0d0e983ab49e90bc4d81fbb9c895bf3,SUCCESS,1483543500,puppet-ceilometer-10.1.0-0.20170104152624.6e7688e.el7.centos
puppet-cinder,git://git.openstack.org/openstack/puppet-cinder,abbfdb20730b93e2cdf0fba4ece718dd9dc28913,https://github.com/rdo-packages/puppet-cinder-distgit.git,92b8d4cc6c29368bcda3c915e35fe661cce65ab9,SUCCESS,1483487009,puppet-cinder-10.1.0-0.20170103234342.abbfdb2.el7.centos
puppet-designate,git://git.openstack.org/openstack/puppet-designate,116c3c319b0e2e4856c68be1dd5fc7f74e80c28d,https://github.com/rdo-packages/puppet-designate-distgit.git,f401931d3b05f5568b3db5e5f8b80e0c3c36e555,SUCCESS,1483657037,puppet-designate-10.1.0-0.20170105225840.116c3c3.el7.centos
puppet-ec2api,git://git.openstack.org/openstack/puppet-ec2api,d60a5f7acc58b1b8bb2509bd5458de231b81d4fe,https://github.com/rdo-packages/puppet-ec2api-distgit.git,b9970afa654cae0126bcee7f5241f2080039a9f3,SUCCESS,1483479630,puppet-ec2api-10.1.0-0.20170103214052.d60a5f7.el7.centos
puppet-glance,git://git.openstack.org/openstack/puppet-glance,e014854e624ad453dec17e44f35ca8772abc488f,https://github.com/rdo-packages/puppet-glance-distgit.git,cde10d5ba0d1dbef6ce90cb7b36c750ccd4c51b5,SUCCESS,1483630512,puppet-glance-10.1.0-0.20170105153637.e014854.el7.centos
puppet-gnocchi,git://git.openstack.org/openstack/puppet-gnocchi,abd4775dd5e4930ef28e326a7781f782e5b2ebaf,https://github.com/rdo-packages/puppet-gnocchi-distgit.git,1f5a7f1bc2a7f2749ae623924f1493f9cf6a8f14,SUCCESS,1483470543,puppet-gnocchi-10.1.0-0.20170103190916.abd4775.el7.centos
puppet-heat,git://git.openstack.org/openstack/puppet-heat,0540b5c98fea6fad77636ff6d831e4f2855e2f92,https://github.com/rdo-packages/puppet-heat-distgit.git,924c760c0643f0da1c1c1e145ef31ceba22c161b,SUCCESS,1483470604,puppet-heat-10.1.0-0.20170103191022.0540b5c.el7.centos
puppet-horizon,git://git.openstack.org/openstack/puppet-horizon,4ed2edf02ada962d25bcf5182ddaace05f1c4794,https://github.com/rdo-packages/puppet-horizon-distgit.git,6fe00a296a5f7c57d67152887271169674b1b167,SUCCESS,1483637392,puppet-horizon-10.1.0-0.20170105173114.4ed2edf.el7.centos
puppet-ironic,git://git.openstack.org/openstack/puppet-ironic,bc5b85357b2f6ac643d2124ea358e327c90ff979,https://github.com/rdo-packages/puppet-ironic-distgit.git,f772938f77db0b472c08ba3275f675672d6d0599,SUCCESS,1483496764,puppet-ironic-10.1.0-0.20170104022617.bc5b853.el7.centos
puppet-keystone,git://git.openstack.org/openstack/puppet-keystone,42e4d02c8b893449d64c18cf86bdf87c1b515c80,https://github.com/rdo-packages/puppet-keystone-distgit.git,2de64289cc796f89cae9128f1d79b62d41606fe7,SUCCESS,1483509065,puppet-keystone-10.1.0-0.20170104055116.42e4d02.el7.centos
puppet-magnum,git://git.openstack.org/openstack/puppet-magnum,bc475a0d425600b39ce88090e4e07a7470dd5235,https://github.com/rdo-packages/puppet-magnum-distgit.git,b453d2a10116006ec23c7e0b96e1184b426eb07c,SUCCESS,1483461103,puppet-magnum-10.1.0-0.20170103163308.bc475a0.el7.centos
puppet-manila,git://git.openstack.org/openstack/puppet-manila,4c6eb6ad9a95cfb2ca81f3dae88c0cc2e5b9f8ba,https://github.com/rdo-packages/puppet-manila-distgit.git,cfed1c39db471f31f9e876f96e499e0fa6709a6c,SUCCESS,1483464577,puppet-manila-10.1.0-0.20170103172956.4c6eb6a.el7.centos
puppet-neutron,git://git.openstack.org/openstack/puppet-neutron,55ad3f1bbfc22eda79c52e92167c77cefcba38df,https://github.com/rdo-packages/puppet-neutron-distgit.git,f33d1a1a4dc3d0301cadfc2e08c08ef07289577b,SUCCESS,1483659384,puppet-neutron-10.1.0-0.20170105233749.55ad3f1.el7.centos
puppet-nova,git://git.openstack.org/openstack/puppet-nova,4cb24761971ff00ee95fc26d3b34589d475d2206,https://github.com/rdo-packages/puppet-nova-distgit.git,25175316a8f12dc9efed4a0b784d63973f155e9b,SUCCESS,1483659510,puppet-nova-10.1.0-0.20170105233844.4cb2476.el7.centos
puppet-octavia,git://git.openstack.org/openstack/puppet-octavia,08e61921edf57991c45d55f76c5d34d0459be33d,https://github.com/rdo-packages/puppet-octavia-distgit.git,2885b953879dd1f33301685a1dadab596cc230eb,SUCCESS,1483078578,puppet-octavia-10.1.0-0.20161230061739.08e6192.el7.centos
puppet-oslo,git://git.openstack.org/openstack/puppet-oslo,0be17c14201902da004a55209b4d9b045d7a9607,https://github.com/rdo-packages/puppet-oslo-distgit.git,d4950b1a8e2fe13066f60acddc7067b6857d3138,SUCCESS,1483087890,puppet-oslo-10.1.0-0.20161230085251.0be17c1.el7.centos
puppet-openstack_extras,git://git.openstack.org/openstack/puppet-openstack_extras,65d51d43c8314bb2fcb15ec992b647504f653c1c,https://github.com/rdo-packages/puppet-openstack_extras-distgit.git,b8ee91ffc1e97a61a0a7088802d3ff7c43486e40,SUCCESS,1483470412,puppet-openstack_extras-10.1.0-0.20170103190825.65d51d4.el7.centos
puppet-openstacklib,git://git.openstack.org/openstack/puppet-openstacklib,caafb28738f28cc2b6f4df46712fc934dd5cdfac,https://github.com/rdo-packages/puppet-openstacklib-distgit.git,dc7f0131d23282bbb51bdafcab6ad0c97f541547,SUCCESS,1482435086,puppet-openstacklib-10.1.0-0.20161222193140.caafb28.el7.centos
puppet-ovn,git://git.openstack.org/openstack/puppet-ovn,c3e5717561e69c656131c62ee805d33c0bed7e34,https://github.com/rdo-packages/puppet-ovn-distgit.git,9e47049d87e79e882813d82f669677076dd29ef8,SUCCESS,1483654801,puppet-ovn-10.1.0-0.20170105222017.c3e5717.el7.centos
puppet-panko,git://git.openstack.org/openstack/puppet-panko,a84f000b53c713b22cbb0a79817ec645c41284fa,https://github.com/rdo-packages/puppet-panko-distgit.git,9cdb1432fd35eebf0a16778a1512c31916f102f5,SUCCESS,1483470678,puppet-panko-9.0.0-0.20170103191139.a84f000.el7.centos
puppet-sahara,git://git.openstack.org/openstack/puppet-sahara,867eae5f14006e6279b4e38bfed495e1df7d6f58,https://github.com/rdo-packages/puppet-sahara-distgit.git,8685451755d69d530a218b435a21d4bb3d6cf449,SUCCESS,1482435199,puppet-sahara-10.1.0-0.20161222193445.867eae5.el7.centos
puppet-swift,git://git.openstack.org/openstack/puppet-swift,afa2874daf81a471c6d1d4353857c9306fd98e53,https://github.com/rdo-packages/puppet-swift-distgit.git,8d5e01a1f952551b07d8e42fdf3a80f63b0b51a3,SUCCESS,1482435322,puppet-swift-10.1.0-0.20161222193534.afa2874.el7.centos
puppet-tempest,git://git.openstack.org/openstack/puppet-tempest,b420cb9d05b293c852470386fc2357791b6414cf,https://github.com/rdo-packages/puppet-tempest-distgit.git,77c39b1c3f3cab5438388346ce6d206b6a4a29df,SUCCESS,1483473449,puppet-tempest-10.1.0-0.20170103195746.b420cb9.el7.centos
puppet-tripleo,git://git.openstack.org/openstack/puppet-tripleo,8c990738900cd74c2c5c046435517393d1afb92e,https://github.com/rdo-packages/puppet-tripleo-distgit.git,34edda79ba7982aec58f12b7599401b78d12509f,SUCCESS,1483667169,puppet-tripleo-6.1.0-0.20170106014739.8c99073.el7.centos
puppet-trove,git://git.openstack.org/openstack/puppet-trove,9a54d07420c27938ee33081997ae7eef3a4e443d,https://github.com/rdo-packages/puppet-trove-distgit.git,d85d7bfcef3a3cdf06f6e4c8ddb84fce1bb2b63f,SUCCESS,1483498575,puppet-trove-10.1.0-0.20170104025743.9a54d07.el7.centos
puppet-vswitch,git://git.openstack.org/openstack/puppet-vswitch,8aa83e626571ca3fea97e83b660f611bc07aa739,https://github.com/rdo-packages/puppet-vswitch-distgit.git,51cc7ac5c3bde45c0428ae53f34b4879e2abfe6b,SUCCESS,1482438176,puppet-vswitch-6.1.0-0.20161222202421.8aa83e6.el7.centos
puppet-ceph,git://git.openstack.org/openstack/puppet-ceph,5cc19541b872ab249267756992af3b9f19d2197e,https://github.com/rdo-packages/puppet-ceph-distgit.git,9593efd4f2dcd62fcfbe2bb9406318733dd04f18,SUCCESS,1483569297,puppet-ceph-2.2.1-0.20170104223622.5cc1954.el7.centos
puppet-n1k-vsm,git://git.openstack.org/openstack/puppet-n1k-vsm,91772fa53dd3ed2686d2e8b0303c77ea6faefe68,https://github.com/rdo-packages/puppet-n1k-vsm-distgit.git,f61e1a4b92edadbcbce50e29cd96167449589098,SUCCESS,1475527209,puppet-n1k-vsm-0.0.2-0.20161003204020.91772fa.el7.centos
puppet-mistral,git://git.openstack.org/openstack/puppet-mistral,97f3e4895d6c064ca9d9974b9fbc321e6d7a3dd1,https://github.com/rdo-packages/puppet-mistral-distgit.git,61e9bbf8fa4f89b81a4ccf25493ce6b002c8582d,SUCCESS,1482447591,puppet-mistral-10.1.0-0.20161222230115.97f3e48.el7.centos
puppet-zaqar,git://git.openstack.org/openstack/puppet-zaqar,fa7c8ba47358ad82b6bca984463a31c5176f3900,https://github.com/rdo-packages/puppet-zaqar-distgit.git,4e0df25098e87934b2477ad62561c0ef48eb3ca2,SUCCESS,1483083520,puppet-zaqar-10.1.0-0.20161230074002.fa7c8ba.el7.centos
puppet-apache,git://github.com/puppetlabs/puppetlabs-apache,8e3077753a3d9f509b2f22a946d4060496c514a3,https://github.com/rdo-packages/puppet-apache-distgit.git,b048bf9b1aaa6961c8023446dd08c618b02dde86,SUCCESS,1483123248,puppet-apache-1.11.0-0.20161230184209.8e30777.el7.centos
puppet-concat,git://github.com/puppetlabs/puppetlabs-concat,440bd99da71dc857c34223d34fa8ff99ba00fc59,https://github.com/rdo-packages/puppet-concat-distgit.git,b9cf849b8f695d7578f319236ca2365fabb860e2,SUCCESS,1481916704,puppet-concat-2.2.0-0.20161216193307.440bd99.el7.centos
puppet-firewall,git://github.com/puppetlabs/puppetlabs-firewall,a993f7fde7c08c58762458c08c3f5c903c2adfa4,https://github.com/rdo-packages/puppet-firewall-distgit.git,04a38e11860e69c10c591c5620993be3beca9abb,SUCCESS,1483466283,puppet-firewall-1.8.1-0.20170103175859.a993f7f.el7.centos
puppet-haproxy,git://github.com/puppetlabs/puppetlabs-haproxy,faf718486fee744aad01d0d587d1cc9465c17eaa,https://github.com/rdo-packages/puppet-haproxy-distgit.git,02ecce09b3646b520e262828dc7eb3720f1bd2c1,SUCCESS,1482494649,puppet-haproxy-1.5.0-0.20161223120533.faf7184.el7.centos
puppet-corosync,git://github.com/puppet-community/puppet-corosync,f438aa583b59fe312347ff080a7ca99ba058c7e9,https://github.com/rdo-packages/puppet-corosync-distgit.git,ed15b979a3fe51f613be4e0586c96a9dab6d59f0,SUCCESS,1483567027,puppet-corosync-5.0.0-0.20170104215831.f438aa5.el7.centos
puppet-git,git://github.com/puppetlabs/puppetlabs-git,4e4498e3db218cefc27e40b7eb4e442177ccab28,https://github.com/rdo-packages/puppet-git-distgit.git,81217cbd7746f860474a7999319de40897b7b024,SUCCESS,1481666734,puppet-git-0.4.0-0.20161213220655.4e4498e.el7.centos
puppet-inifile,git://github.com/puppetlabs/puppetlabs-inifile,252ab552f4bf57d1099c2c2f5578f602caa7b1a5,https://github.com/rdo-packages/puppet-inifile-distgit.git,6bc339300269d80ee35fc68c42daaa0719b4995c,SUCCESS,1481907208,puppet-inifile-1.6.0-0.20161216165339.252ab55.el7.centos
puppet-mongodb,git://github.com/puppetlabs/puppetlabs-mongodb,e2df436db4549671399ae3e283091dae3404eec1,https://github.com/rdo-packages/puppet-mongodb-distgit.git,041c57ac47826a632842f72d9f694583e1baaf97,SUCCESS,1481765181,puppet-mongodb-0.16.0-0.20161215012633.e2df436.el7.centos
puppet-mysql,git://github.com/puppetlabs/puppetlabs-mysql,9442272f5654b10d1ce33559ebb73d45ff23a128,https://github.com/rdo-packages/puppet-mysql-distgit.git,2a8d4c1cb29fd016d3c187ed993b2b9a638f839c,SUCCESS,1482501667,puppet-mysql-3.10.0-0.20161223140234.9442272.el7.centos
puppet-java,git://github.com/puppetlabs/puppetlabs-java,866eae1393a3b2a629be63318768798cc0b2615d,https://github.com/rdo-packages/puppet-java-distgit.git,9040e7d9750391ab75675a7090102951c5f3feb4,SUCCESS,1482497206,puppet-java-1.6.0-0.20161223124817.866eae1.el7.centos
puppet-ntp,git://github.com/puppetlabs/puppetlabs-ntp,93da3bd01a5ae4276eddec15ac615eb4bccc23cf,https://github.com/rdo-packages/puppet-ntp-distgit.git,50e8234bb8ce11e00152c5b9fa98206004889bd5,SUCCESS,1481582929,puppet-ntp-4.2.0-0.20161212225010.93da3bd.el7.centos
puppet-rabbitmq,git://github.com/puppetlabs/puppetlabs-rabbitmq,149cb31744bc88c48c91d0dd350830aef72a1d51,https://github.com/rdo-packages/puppet-rabbitmq-distgit.git,a788193ccc13a8284e8084e35e69c5ef69850777,SUCCESS,1481765224,puppet-rabbitmq-5.6.0-0.20161215012832.149cb31.el7.centos
puppet-rsync,git://github.com/puppetlabs/puppetlabs-rsync,8cc3c6fa7bd95ce2cf47f0c079cb30854399af5b,https://github.com/rdo-packages/puppet-rsync-distgit.git,4ba2f8713f76473242ef5a74f0bea1a07a3017c5,SUCCESS,1475519938,puppet-rsync-0.4.0-0.20161003183908.8cc3c6f.el7.centos
puppet-stdlib,git://github.com/puppetlabs/puppetlabs-stdlib,b65dd1f45d10e10e45455358aeabb29167990e2c,https://github.com/rdo-packages/puppet-stdlib-distgit.git,42080c084691c49288e05a97f49b8f7969560923,SUCCESS,1483556153,puppet-stdlib-4.13.1-0.20170104185716.b65dd1f.el7.centos
puppet-tomcat,git://github.com/puppetlabs/puppetlabs-tomcat,7f37bf9294e4c6c853373786187271c99eeb3264,https://github.com/rdo-packages/puppet-tomcat-distgit.git,06ad54f65a17e465dbf3b49c88616a90ebd22367,SUCCESS,1483608383,puppet-tomcat-1.6.1-0.20170105092746.7f37bf9.el7.centos
puppet-vcsrepo,git://github.com/puppetlabs/puppetlabs-vcsrepo,871763932f99564f30d52a853f8e532fa3ac2a4e,https://github.com/rdo-packages/puppet-vcsrepo-distgit.git,4d4372463683d246312b4a79a798e295335869dd,SUCCESS,1482179122,puppet-vcsrepo-1.5.0-0.20161219202651.8717639.el7.centos
puppet-xinetd,git://github.com/puppetlabs/puppetlabs-xinetd,0b0d010a7eb3d154863df7fa184d3f729cbd7140,https://github.com/rdo-packages/puppet-xinetd-distgit.git,d0d0a25fe7e541d65c9cf677b765b1d142b88ef9,SUCCESS,1481765061,puppet-xinetd-2.0.0-0.20161215012550.0b0d010.el7.centos
puppet-cassandra,git://github.com/locp/cassandra,6f6451c30a1aecc39da0df300ad4901d7a3203b9,https://github.com/rdo-packages/puppet-cassandra-distgit.git,85359dba2049ef1fd3a93d941a69cd39ea5cd16d,SUCCESS,1481185964,puppet-cassandra-2.2.1-0.20161208083408.6f6451c.el7.centos
puppet-certmonger,git://github.com/earsdown/puppet-certmonger,1157a7e552d87696e80ed4ab54bf0608a1c5ffff,https://github.com/rdo-packages/puppet-certmonger-distgit.git,9abb725e4d6aec92bc309e8dcdd1663a771a4511,SUCCESS,1476024117,puppet-certmonger-1.1.1-0.20161009144207.1157a7e.el7.centos
puppet-contrail,git://github.com/redhat-cip/puppet-contrail,9a890f368bee58efa4ea9f94fcfe6bdc3d82c592,https://github.com/rdo-packages/puppet-contrail-distgit.git,78b1dfede8df3266908d5f477e98947d34ff98a1,SUCCESS,1479823817,puppet-contrail-1.0.0-0.20161122141028.9a890f3.el7.centos
puppet-datacat,git://github.com/richardc/puppet-datacat,93b88b78364ee35f2bf39ca98ad08b78f423c1d2,https://github.com/rdo-packages/puppet-datacat-distgit.git,71e4e8545fc02eff79a6a6faea58cb2ded874766,SUCCESS,1479415671,puppet-datacat-0.6.2-0.20161117204804.93b88b7.el7.centos
puppet-dns,git://github.com/theforeman/puppet-dns,e694f6359c5035c0a8e46a535adc1be383a89cdc,https://github.com/rdo-packages/puppet-dns-distgit.git,abdb73c6c1d5ea41b2892fe986f0873f61da0c88,SUCCESS,1483554432,puppet-dns-4.0.0-0.20170104182835.e694f63.el7.centos
puppet-elasticsearch,git://github.com/elastic/puppet-elasticsearch,c8313e7a007583283fb284f71ef538c2472a1081,https://github.com/rdo-packages/puppet-elasticsearch-distgit.git,7115df318754322a3302f8a64e2a12f3903f8a67,SUCCESS,1483565594,puppet-elasticsearch-0.15.1-0.20170104213443.c8313e7.el7.centos
puppet-kafka,git://github.com/puppet-community/puppet-kafka,09de75d571fdf4cd4949e9c501312d5369428a1f,https://github.com/rdo-packages/puppet-kafka-distgit.git,5d0f75e795116d552eabe30a405fca9d4b6bf25f,SUCCESS,1483573659,puppet-kafka-2.2.0-0.20170104234906.09de75d.el7.centos
puppet-fluentd,git://github.com/soylent/konstantin-fluentd,2ec6850918571d4ebea77015d0deb17b68fa24bf,https://github.com/rdo-packages/puppet-fluentd-distgit.git,c7248608e1d830a531cf0b2740a0d932b040a346,SUCCESS,1483356591,puppet-fluentd-0.8.0-0.20170102113112.2ec6850.el7.centos
puppet-ipaclient,git://github.com/joshuabaird/puppet-ipaclient,052dd074420b6a2a494e86b2c03020be57940205,https://github.com/rdo-packages/puppet-ipaclient-distgit.git,4e1a9833941e6141d8a18ff9955d580a90b28bfb,SUCCESS,1482485442,puppet-ipaclient-2.5.1-0.20161223093202.052dd07.el7.centos
puppet-keepalived,git://github.com/Unyonsys/puppet-module-keepalived,bbca37ade629a9178f09366fd0368187fb645f4e,https://github.com/rdo-packages/puppet-keepalived-distgit.git,0af9fefe3984d7813d196a8c719f1dfd816af60c,SUCCESS,1475626778,puppet-keepalived-0.0.2-0.20161005001948.bbca37a.el7.centos
puppet-kibana3,git://github.com/thejandroman/puppet-kibana3,6ca9631fbe82766134f98e2e8780bb91e7cd3f0e,https://github.com/rdo-packages/puppet-kibana3-distgit.git,e0b5a092f06e6aa6070151a7427cbb995834ad35,SUCCESS,1475527713,puppet-kibana3-0.0.4-0.20161003204842.6ca9631.el7.centos
puppet-memcached,git://github.com/saz/puppet-memcached,41b1ec1cdd20055a16475217a4f5411f11e73c94,https://github.com/rdo-packages/puppet-memcached-distgit.git,f1cfe5cdf6e9ec71cc3097fccee0f46b38afed4a,SUCCESS,1479220506,puppet-memcached-2.8.1-0.20161115143517.41b1ec1.el7.centos
puppet-midonet,git://github.com/midonet/puppet-midonet,bafa9e9bc3e683cd3ceb2650eb174cf707a2837e,https://github.com/rdo-packages/puppet-midonet-distgit.git,bd39ca3c744d441911affbba31d14418a50038f9,SUCCESS,1475521829,puppet-midonet-2015.06.9-0.20161003191039.bafa9e9.el7.centos
puppet-collectd,git://github.com/voxpupuli/puppet-collectd,6f9e2ff917ff90ad86b625334ca53aa029ade758,https://github.com/rdo-packages/puppet-collectd-distgit.git,0f934088779c4aec7d7ae23043470a2eea322442,SUCCESS,1483566902,puppet-collectd-5.2.0-0.20170104215631.6f9e2ff.el7.centos
puppet-module-data,git://github.com/ripienaar/puppet-module-data,28dafce3a70b35364d33f64d9f518e1adffef242,https://github.com/rdo-packages/puppet-module-data-distgit.git,b09907750c39a99e86d4ab2f78dcabfebabb81bc,SUCCESS,1475521724,puppet-module-data-0.0.4-0.20161003190854.28dafce.el7.centos
puppet-nssdb,git://github.com/rcritten/puppet-nssdb,2e163a21fb80d828afede2d4be6214f1171c4887,https://github.com/rdo-packages/puppet-nssdb-distgit.git,a49935be3c8f2034bc42fd13fff8e09a13070a1a,SUCCESS,1475658580,puppet-nssdb-1.0.1-0.20161005090953.2e163a2.el7.centos
puppet-opendaylight,git://github.com/dfarrell07/puppet-opendaylight,e2a26e2629015b356f997b1bf4e4c8d6533ce3e5,https://github.com/rdo-packages/puppet-opendaylight-distgit.git,b94769c16ace9d2d0346f742317430e95905bfea,SUCCESS,1483545598,puppet-opendaylight-3.7.0-0.20170104160126.e2a26e2.el7.centos
puppet-pacemaker,git://github.com/openstack/puppet-pacemaker,b4e3b88ba9a428bc0d691f61e530670a29cdaa0c,https://github.com/rdo-packages/puppet-pacemaker-distgit.git,594613645a2acca366894d809446586daa34f78b,SUCCESS,1482440336,puppet-pacemaker-0.4.0-0.20161222210028.b4e3b88.el7.centos
puppet-powerdns,git://github.com/antonlindstrom/puppet-powerdns,899651549b6d57470d233321265ace862270e154,https://github.com/rdo-packages/puppet-powerdns-distgit.git,3fcd6e00faa5bc83189d5aca0b397964e3e9add6,SUCCESS,1475581032,puppet-powerdns-0.0.5-0.20161004113722.8996515.el7.centos
puppet-redis,git://github.com/arioch/puppet-redis,01e34e3d5f2981e13778c9f6ae9e360d1c6d93d7,https://github.com/rdo-packages/puppet-redis-distgit.git,8e1de67e40d9f8c9b9bc51577a7b00f9af628334,SUCCESS,1481120262,puppet-redis-1.2.4-0.20161207141908.01e34e3.el7.centos
puppet-remote,git://github.com/paramite/puppet-remote,2d3a47780b95b337b8e84558fe11977ea033d051,https://github.com/rdo-packages/puppet-remote-distgit.git,7332c59138115b90473112c0a35234a278d241d7,SUCCESS,1479507465,puppet-remote-0.0.1-0.20161118221755.2d3a477.el7.centos
puppet-sensu,git://github.com/sensu/sensu-puppet,ca45853d7ab1268462bd152ec8fd17bebfeb1eb6,https://github.com/rdo-packages/puppet-sensu-distgit.git,54e1a4cf1d067b3e9209740fa5c00653ed55d551,SUCCESS,1483456399,puppet-sensu-2.2.0-0.20170103151444.ca45853.el7.centos
puppet-snmp,git://github.com/razorsedge/puppet-snmp,7d4c97c5b6bf8756db8515355d4aac9ffd524569,https://github.com/rdo-packages/puppet-snmp-distgit.git,cbc7fefa609e50cf89cabffb091f66a2cdf57764,SUCCESS,1475520747,puppet-snmp-3.6.0-0.20161003185238.7d4c97c.el7.centos
puppet-ssh,git://github.com/saz/puppet-ssh,8564a4b939b75dc560487acd87ad6f2258b6ff1a,https://github.com/rdo-packages/puppet-ssh-distgit.git,32dff477cbdc9cc6a0202ea90c92d1dfc4ad583d,SUCCESS,1475527318,puppet-ssh-2.9.1-0.20161003204208.8564a4b.el7.centos
puppet-staging,git://github.com/nanliu/puppet-staging,b466d93f8deb0ed4d9762a17c3c38f356aa833ee,https://github.com/rdo-packages/puppet-staging-distgit.git,f19c2dc939e926267a45aa2dd400ee05af938715,SUCCESS,1475518829,puppet-staging-1.0.4-0.20161003182041.b466d93.el7.centos
puppet-timezone,git://github.com/saz/puppet-timezone,3693726d4a78b6afa603dbdea042db2cbe54f1fd,https://github.com/rdo-packages/puppet-timezone-distgit.git,d43761eb7d994e5e2963c951f3ec04361843769c,SUCCESS,1482946916,puppet-timezone-3.3.0-0.20161228174319.3693726.el7.centos
puppet-uchiwa,git://github.com/Yelp/puppet-uchiwa,8095b7cc05b4d53a057213e0869dd8bea5b3b9cd,https://github.com/rdo-packages/puppet-uchiwa-distgit.git,666b0e39b3937c4c5e8bd17d88e3751613963747,SUCCESS,1482266457,puppet-uchiwa-1.0.1-0.20161220204231.8095b7c.el7.centos
puppet-vlan,git://github.com/derekhiggins/puppet-vlan,c937de75c28e63fba8d8738ad6a5f2ede517e53d,https://github.com/rdo-packages/puppet-vlan-distgit.git,5034ee13fc364fcd559567785611e19db07d7647,SUCCESS,1475527264,puppet-vlan-0.1.0-0.20161003204115.c937de7.el7.centos
puppet-zookeeper,git://github.com/deric/puppet-zookeeper,97e57782a30864f3c1d509ce42e31b5071c86b6c,https://github.com/rdo-packages/puppet-zookeeper-distgit.git,d7774d377387d3327ce044e02ed862c54636b01d,SUCCESS,1483529769,puppet-zookeeper-0.7.0-0.20170104113731.97e5778.el7.centos
puppet-kmod,git://github.com/camptocamp/puppet-kmod,924ee8552bbd5540f96f549a1f4e497376e5b08e,https://github.com/rdo-packages/puppet-kmod-distgit.git,66f14b9f55611538f9ec5b6522330301dd872bef,SUCCESS,1483612935,puppet-kmod-2.1.1-0.20170105104333.924ee85.el7.centos
puppet-sysctl,git://github.com/duritong/puppet-sysctl,65ffe839a4ce785bc3901452488197a0ef158cd8,https://github.com/rdo-packages/puppet-sysctl-distgit.git,17a1501bfd6485cea8d845a43b159ca24c0b62fb,SUCCESS,1475519824,puppet-sysctl-0.0.11-0.20161003183714.65ffe83.el7.centos
openstack-nova,git://git.openstack.org/openstack/nova,b2f16d9940ad3c18679e37174c1b334869e20555,https://github.com/rdo-packages/nova-distgit.git,73ab70fb18686a322d2d120086597e0cc9747885,SUCCESS,1483671041,openstack-nova-15.0.0-0.20170106025319.b2f16d9.el7.centos
openstack-keystone,git://git.openstack.org/openstack/keystone,49b3082e18a9cb6b9071c76675d258665ecd81c8,https://github.com/rdo-packages/keystone-distgit.git,bb3c33a0f1fd0a5d2eb907a668caa60fed33a9b8,SUCCESS,1483686963,openstack-keystone-11.0.0-0.20170106071646.49b3082.el7.centos
openstack-glance,git://git.openstack.org/openstack/glance,922a2d72ce73cecd6faff9916b7bc54b903dac42,https://github.com/rdo-packages/glance-distgit.git,2e24da45ad70f58d7bb1aafa87ef45931030c98d,SUCCESS,1483669838,openstack-glance-14.0.0-0.20170106023234.922a2d7.el7.centos
python-glance-store,git://git.openstack.org/openstack/glance_store,6982b3c2e5f08d001b53413e6277a09013fd52df,https://github.com/rdo-packages/glance_store-distgit.git,95be3a06878924e045431634b0d67f66785482ce,SUCCESS,1482182148,python-glance-store-0.18.1-0.20161219211619.6982b3c.el7.centos
openstack-swift,git://git.openstack.org/openstack/swift,8abe2496ac7efd59e3976292720e4c29f41668d2,https://github.com/rdo-packages/swift-distgit.git,8efafd7998df08425002dc736670cefd4d4b0896,SUCCESS,1483657154,openstack-swift-2.12.1-0.20170105225951.8abe249.el7.centos
openstack-swift-plugin-swift3,git://git.openstack.org/openstack/swift3,1d8d305b57c223b6035e8d1a8680188804446eca,https://github.com/rdo-packages/swift3-distgit.git,06285ee8b03bb2f838505be582b7ebd8741764ad,SUCCESS,1482862182,openstack-swift-plugin-swift3-1.11.1-0.20161227181112.1d8d305.el7.centos
openstack-ceilometer,git://git.openstack.org/openstack/ceilometer,407b726fc2ba76a7a149a8722b7cf9b09d8dc0d3,https://github.com/rdo-packages/ceilometer-distgit.git,35c33a1197f587a9da7910cdc7824c6b7d5b0014,SUCCESS,1483632918,openstack-ceilometer-7.0.0-0.20170105161554.407b726.el7.centos
openstack-gnocchi,git://git.openstack.org/openstack/gnocchi,bb687e17150bcf9ac8f8fa3b84043d4c58ae6181,https://github.com/rdo-packages/gnocchi-distgit.git,ad6d4fc31b58222cf2634050ef53a4509ac54723,SUCCESS,1483456270,openstack-gnocchi-3.0.3-0.20170103151139.bb687e1.el7.centos
openstack-aodh,git://git.openstack.org/openstack/aodh,50982ad11e731b5aa6cf2587583adb70bd61d41b,https://github.com/rdo-packages/aodh-distgit.git,bc69bb1f12f1711af0978797237e4ab2cc83dae8,SUCCESS,1483649071,openstack-aodh-3.0.1-0.20170105204616.50982ad.el7.centos
openstack-panko,git://git.openstack.org/openstack/panko,eb423598f6b100f77b927b9479bc86592e48cbae,https://github.com/rdo-packages/panko-distgit.git,1f6de414f06ffb45a3694aba950211557b8d9731,SUCCESS,1483549749,openstack-panko-1.0.1-0.20170104171057.eb42359.el7.centos
openstack-heat,git://git.openstack.org/openstack/heat,d3bc4eea1d910c6381c758261936e660c9da45fd,https://github.com/rdo-packages/heat-distgit.git,b7f7441baee5c6a67997a3826bb4517c5f96e1f4,SUCCESS,1483688646,openstack-heat-8.0.0-0.20170106074557.d3bc4ee.el7.centos
openstack-cinder,git://git.openstack.org/openstack/cinder,6a1af6c168073bc741400b0b2fa68a84140c2bea,https://github.com/rdo-packages/cinder-distgit.git,59ab1da25190b93d87f985d303716af5ac3e14fe,SUCCESS,1483658397,openstack-cinder-10.0.0-0.20170105232211.6a1af6c.el7.centos
openstack-ironic,git://git.openstack.org/openstack/ironic,1d37294b11a84002ae7f2eb7c243bc47b419e9a1,https://github.com/rdo-packages/ironic-distgit.git,40ff6ed44a737bd455000698d404757244c5a686,SUCCESS,1483686669,openstack-ironic-6.2.1-0.20170106071309.1d37294.el7.centos
openstack-neutron,git://git.openstack.org/openstack/neutron,d8e359625966eb6b1682b20f41c7dd660e4182cf,https://github.com/rdo-packages/neutron-distgit.git,d98e4fac3054200f536017786b64ccb88a6199fe,SUCCESS,1483624991,openstack-neutron-10.0.0-0.20170105140401.d8e3596.el7.centos
python-neutron-lib,git://git.openstack.org/openstack/neutron-lib,efd7a3a5fabf24891953dfcc2e838ba56ef3183f,https://github.com/rdo-packages/neutron-lib-distgit.git,10217bf018300a4aee1cfee78340de68031ab95e,SUCCESS,1478602108,python-neutron-lib-1.0.0-0.20161108104854.efd7a3a.el7.centos
openstack-neutron-fwaas,git://git.openstack.org/openstack/neutron-fwaas,962ba144267a3d3ebbe7647c6365fbb3716d26c9,https://github.com/rdo-packages/neutron-fwaas-distgit.git,3472bfc096cfe2862610c5839b46a291b8658a41,SUCCESS,1483634337,openstack-neutron-fwaas-10.0.0-0.20170105164037.962ba14.el7.centos
openstack-neutron-lbaas,git://git.openstack.org/openstack/neutron-lbaas,724069c99dee20ecc330deb94ae72984f7f581d7,https://github.com/rdo-packages/neutron-lbaas-distgit.git,f5406ef21957d33d42264c966e75cda8ca0f096b,SUCCESS,1483664590,openstack-neutron-lbaas-10.0.0-0.20170106010458.724069c.el7.centos
openstack-neutron-vpnaas,git://git.openstack.org/openstack/neutron-vpnaas,6f9ab41deffee3966164660ba36caaf6a122bc67,https://github.com/rdo-packages/neutron-vpnaas-distgit.git,baeebd2c5e7c0591f1be0b596a45ee6c837d242b,SUCCESS,1482750695,openstack-neutron-vpnaas-9.0.0-0.20161226111203.6f9ab41.el7.centos
openstack-designate,git://git.openstack.org/openstack/designate,d7bedee6808054ae208dd579fd8620abdcc19f13,https://github.com/rdo-packages/designate-distgit.git,0e6691879a0bca11423202a33d7eea33cceab9b3,SUCCESS,1483479037,openstack-designate-4.0.0-0.20170103213221.d7bedee.el7.centos
python-designate-tests-tempest,git://git.openstack.org/openstack/designate-tempest-plugin,e8230badc4cf72be2cf77a1a2910964b8c98f5f2,https://github.com/rdo-packages/designate-tempest-plugin-distgit.git,fcca45f26d043b8964b68467e521351988d5e82e,SUCCESS,1481574182,python-designate-tests-tempest-0.1.1-0.20161212202442.e8230ba.el7.centos
openstack-octavia,git://git.openstack.org/openstack/octavia,d41edb84092d6d31bc8a53a321ce6ccd2a6c28c3,https://github.com/rdo-packages/octavia-distgit.git,9dbc71b9ac0d2dfe747332253088f393ae34f377,SUCCESS,1483664469,openstack-octavia-0.9.1-0.20170106010145.d41edb8.el7.centos
openstack-watcher,git://git.openstack.org/openstack/watcher,a57f54ab8ff8a4d9001c845edff81108be507417,https://github.com/rdo-packages/watcher-distgit.git,d9fb599e2c935613a75d9d43beda3c25248f4cfc,SUCCESS,1482946177,openstack-watcher-0.33.1-0.20161228173006.a57f54a.el7.centos
openstack-sahara,git://git.openstack.org/openstack/sahara,909ca0c01cbe642a9e5eb326d0b32b80a1e3a4ba,https://github.com/rdo-packages/sahara-distgit.git,ba97936d9ab92b9b55d2b7738452007da34b2b73,SUCCESS,1482912402,openstack-sahara-6.0.0-0.20161228080717.909ca0c.el7.centos
python-django-horizon,git://git.openstack.org/openstack/horizon,dcd22840e0befc2dff3d2df68ade977a7090de8d,https://github.com/rdo-packages/horizon-distgit.git,7bca5b5daf65dd792f3e546a203d73e571e91c19,SUCCESS,1483594620,python-django-horizon-11.0.0-0.20170105053852.dcd2284.el7.centos
openstack-trove,git://git.openstack.org/openstack/trove,40762e266ad31de66298a3b3baef074d8a113dfb,https://github.com/rdo-packages/trove-distgit.git,878ef3fcf617a3bf00ad61514ed7cc4820f81f4f,SUCCESS,1483684854,openstack-trove-7.0.0-0.20170106064228.40762e2.el7.centos
python-django-openstack-auth,git://git.openstack.org/openstack/django_openstack_auth,32f7ad1bd80034ea1083e2ce608b9de538b524ae,https://github.com/rdo-packages/django_openstack_auth-distgit.git,eb15f70c9bf4c22169272e846d3fb4d04b14a08e,SUCCESS,1483458960,python-django-openstack-auth-3.0.1-0.20170103155733.32f7ad1.el7.centos
diskimage-builder,git://git.openstack.org/openstack/diskimage-builder,7603f97cadbf92c79549547dabbe252650343cac,https://github.com/rdo-packages/diskimage-builder-distgit.git,65436912b7cdad718190fdd905e9209ea13cb1da,SUCCESS,1482383606,diskimage-builder-1.26.1-0.20161222051525.7603f97.el7.centos
dib-utils,git://git.openstack.org/openstack/dib-utils,51661c33a5ea4cfa68d39450cc1b96c3db36b037,https://github.com/rdo-packages/dib-utils-distgit.git,3304b088478831f71f2f94fbefd45ba151c0b0f1,SUCCESS,1478601861,dib-utils-0.0.11-0.20161108104439.51661c3.el7.centos
openstack-tripleo,git://git.openstack.org/openstack/tripleo-incubator,887a1e66599cc83375397b9d4b33e416d6316f8a,https://github.com/rdo-packages/tripleo-incubator-distgit.git,a5062d392e43fc70cceb6edb34ccff55d2426cab,SUCCESS,1480605533,openstack-tripleo-0.0.1-0.20161201152040.887a1e6.el7.centos
openstack-tripleo-heat-templates,git://git.openstack.org/openstack/tripleo-heat-templates,384c400d472702392ff506c26d652bcf585f1ec6,https://github.com/rdo-packages/tripleo-heat-templates-distgit.git,9101f5cd4fe80bf15749decd8ddf1f685789fc74,SUCCESS,1483662441,openstack-tripleo-heat-templates-6.0.0-0.20170106002802.384c400.el7.centos
openstack-tripleo-heat-templates-compat,git://git.openstack.org/openstack/tripleo-heat-templates,8e3f7b05b58b105a4245e6204892c2980dcdb3c9,https://github.com/rdo-packages/tripleo-heat-templates-compat-distgit.git,d2404e587d50fa003f025d6a9deaa63b7f5c112f,SUCCESS,1483441139,openstack-tripleo-heat-templates-compat-5.2.1-0.20170103105922.8e3f7b0.el7.centos
openstack-tripleo-image-elements,git://git.openstack.org/openstack/tripleo-image-elements,f31cd84bef9e8d41d2237083b7b79ae54d376459,https://github.com/rdo-packages/tripleo-image-elements-distgit.git,cda996b3d7accb4b0e6152a1cdb0e626d5945f23,SUCCESS,1483499463,openstack-tripleo-image-elements-6.0.0-0.20170104031139.f31cd84.el7.centos
openstack-tripleo-validations,git://git.openstack.org/openstack/tripleo-validations,cc5e584724743eff335e957ea1ca8ce6a6bf13de,https://github.com/rdo-packages/tripleo-validations-distgit.git,6ec2876ef20f64d7822cffa5af652e9aa1dbb66b,SUCCESS,1481897445,openstack-tripleo-validations-5.3.1-0.20161216141113.cc5e584.el7.centos
instack,git://git.openstack.org/openstack/instack,44c5621173c363fb222a3c7db6bba3023b9572d8,https://github.com/rdo-packages/instack-distgit.git,72cbba0f6ba4814b6fe10e46af109416a65474e0,SUCCESS,1482124764,instack-5.0.1-0.20161219051944.44c5621.el7.centos
instack-undercloud,git://git.openstack.org/openstack/instack-undercloud,fc4259aadc46e1f37ba31a921982e5164d728f4f,https://github.com/rdo-packages/instack-undercloud-distgit.git,5cd3947aa976a405242bd2431fa321b228592e0d,SUCCESS,1483659227,instack-undercloud-6.0.0-0.20170105233531.fc4259a.el7.centos
openstack-heat-templates,git://git.openstack.org/openstack/heat-templates,2396e34af2ccb9a56299a39090ef5ddb9351a88d,https://github.com/rdo-packages/heat-templates-distgit.git,b6e9b5cc8b3678f3dd0c393d319287e8927a5606,SUCCESS,1483434891,openstack-heat-templates-0.0.1-0.20170103091624.2396e34.el7.centos
os-apply-config,git://git.openstack.org/openstack/os-apply-config,1bd0206930e9af8e91f7eae6878530c6a7968910,https://github.com/rdo-packages/os-apply-config-distgit.git,4ae9ef4356c9e3cf4659de826bf8b59d56724de0,SUCCESS,1480635919,os-apply-config-5.0.1-0.20161201234652.1bd0206.el7.centos
os-collect-config,git://git.openstack.org/openstack/os-collect-config,cb846967f7d8e1f0a14f53e747ea5623e0a559d8,https://github.com/rdo-packages/os-collect-config-distgit.git,8bb5536642d8a56c50ef030eda4bf2b92b48283c,SUCCESS,1482194580,os-collect-config-6.0.0-0.20161220004441.cb84696.el7.centos
os-net-config,git://git.openstack.org/openstack/os-net-config,d929214c7a904da57a406dd56ac06f001fdc7d7b,https://github.com/rdo-packages/os-net-config-distgit.git,951062b2a99b73047f4b3f5ef551373d6b77682c,SUCCESS,1483484217,os-net-config-6.0.0-0.20170103225729.d929214.el7.centos
os-refresh-config,git://git.openstack.org/openstack/os-refresh-config,e403a6bad06be5c28562ed7ee63679f24df354c6,https://github.com/rdo-packages/os-refresh-config-distgit.git,4fa349f56f06808534084e63daf37f20753edfc7,SUCCESS,1480635626,os-refresh-config-6.0.0-0.20161201234153.e403a6b.el7.centos
os-cloud-config,git://git.openstack.org/openstack/os-cloud-config,634274f6edb62590f445bb9bcec4f324737e0aa9,https://github.com/rdo-packages/os-cloud-config-distgit.git,8c19309d79811f27d2c6334b747fcac92c82a626,SUCCESS,1482451719,os-cloud-config-6.0.0-0.20161223000904.634274f.el7.centos
python-os-client-config,git://git.openstack.org/openstack/os-client-config,e2a593d917533424c6de39774afb8566d4f81db2,https://github.com/rdo-packages/os-client-config-distgit.git,792d54a1cb16378f32f4279cc53b604c61369eff,SUCCESS,1479826391,python-os-client-config-1.24.0-0.20161122145336.e2a593d.el7.centos
python-os-win,git://git.openstack.org/openstack/os-win,a8cfe2830c3d5b43aad4de1d668bbc2ac5c84a25,https://github.com/rdo-packages/os-win-distgit.git,0948db367f06c7fd708048ee679206148ffe6924,SUCCESS,1480351250,python-os-win-1.2.1-0.20161128164239.a8cfe28.el7.centos
openstack-manila,git://git.openstack.org/openstack/manila,c8df031ea428620b798a8a0fd66e0ecd77404561,https://github.com/rdo-packages/manila-distgit.git,f29641aa6701e0180249e1d9543ddc5e2f77cb3a,SUCCESS,1483673223,openstack-manila-4.0.0-0.20170106032751.c8df031.el7.centos
openstack-zaqar,git://git.openstack.org/openstack/zaqar,12091072a3681139bcc7febdeb54f2b682bb6656,https://github.com/rdo-packages/zaqar-distgit.git,b773d827f88ce2df84315b4a30054416970b9e0d,SUCCESS,1483564917,openstack-zaqar-4.0.0-0.20170104212342.1209107.el7.centos
openstack-ironic-inspector,git://git.openstack.org/openstack/ironic-inspector,405f8ec8ad51c203315227a84092e3c9dd51aa66,https://github.com/rdo-packages/ironic-inspector-distgit.git,cf6f2951b5eccac038d3174359eaf96e3759d158,SUCCESS,1483539269,openstack-ironic-inspector-4.2.1-0.20170104141619.405f8ec.el7.centos
openstack-ironic-python-agent,git://git.openstack.org/openstack/ironic-python-agent,a6b09f2fa85f397cfda6a43ce19c995c8a3be76d,https://github.com/rdo-packages/ironic-python-agent-distgit.git,aa75f0748f4b361df85a3c5ed2addb9b9fc48ad5,SUCCESS,1483376703,openstack-ironic-python-agent-1.5.1-0.20170102170636.a6b09f2.el7.centos
python-ironic-lib,git://git.openstack.org/openstack/ironic-lib,e478fab4dd22925d8b80a5b5f526f6719dcd02b6,https://github.com/rdo-packages/ironic-lib-distgit.git,433072a52531aa2bc91eb1464d40ea66e67fcf05,SUCCESS,1479475160,python-ironic-lib-2.3.0-0.20161118131944.e478fab.el7.centos
openstack-barbican,git://git.openstack.org/openstack/barbican,7c12b2a00b4f0f717351d544736599820936b288,https://github.com/rdo-packages/barbican-distgit.git,6f8d96f9c1ac8f0b0fe3cdf26c6bf9878e1c8828,SUCCESS,1483479218,openstack-barbican-4.0.0-0.20170103213524.7c12b2a.el7.centos
openstack-cloudkitty,git://git.openstack.org/openstack/cloudkitty,ed0cf4dac08254ce86e1400fb94bf28f0219938a,https://github.com/rdo-packages/cloudkitty-distgit.git,ae0f7f8834722692d2a1623c75c6fd948ce2aa6a,SUCCESS,1483629775,openstack-cloudkitty-0.6.2-0.20170105152431.ed0cf4d.el7.centos
openstack-cloudkitty-ui,git://git.openstack.org/openstack/cloudkitty-dashboard,ced3468cb5b0f94440082095cea0fac6aec1c18c,https://github.com/rdo-packages/cloudkitty-dashboard-distgit.git,3c4472267381dc28828dcec6ad9ad78f7026aaaf,SUCCESS,1483629940,openstack-cloudkitty-ui-0.6.2-0.20170105152713.ced3468.el7.centos
openstack-ec2-api,git://git.openstack.org/openstack/ec2-api,49c9e4d17f1eb3d39802e16c4131e2f886fcdef0,https://github.com/rdo-packages/ec2-api-distgit.git,5fe6110fc34c6f1a5eded9c3f04558f7f668446f,SUCCESS,1483357885,openstack-ec2-api-4.0.0-0.20170102115253.49c9e4d.el7.centos
openstack-magnum,git://git.openstack.org/openstack/magnum,edd69345774025d9e6bef1145f8aaf8ecf124dce,https://github.com/rdo-packages/magnum-distgit.git,c76d9d9f4ca8670d25bbff96ea00e78a2a60f8f2,SUCCESS,1483651991,openstack-magnum-3.1.1-0.20170105213358.edd6934.el7.centos
openstack-manila-ui,git://git.openstack.org/openstack/manila-ui,f75eed27ba319206c28a41b0a1bd1f8bc382408d,https://github.com/rdo-packages/manila-ui-distgit.git,e5bc2c6535d150f28a773947dd915e20c46a3536,SUCCESS,1483502149,openstack-manila-ui-2.5.1-0.20170104035740.f75eed2.el7.centos
openstack-neutron-lbaas-ui,git://git.openstack.org/openstack/neutron-lbaas-dashboard,b9b06b1e864e706f276809c35b56a01e90e5540b,https://github.com/rdo-packages/neutron-lbaas-dashboard-distgit.git,b0dca8d9e07fea7010ba082f8ee81ad970521ebe,SUCCESS,1483470735,openstack-neutron-lbaas-ui-1.0.1-0.20170103191357.b9b06b1.el7.centos
sahara-image-elements,git://git.openstack.org/openstack/sahara-image-elements,e6845532bf68eb60af150da79069fb81e1c0dd5c,https://github.com/rdo-packages/sahara-image-elements-distgit.git,9c0f147a70d83f7c270c6363875a4c33c4a07496,SUCCESS,1482761250,sahara-image-elements-6.0.0-0.20161226140752.e684553.el7.centos
openstack-trove-ui,git://git.openstack.org/openstack/trove-dashboard,41f4a2c50cea5772e07b012c3e3d86182a066eb7,https://github.com/rdo-packages/trove-dashboard-distgit.git,23aa8397c2fb3ff9db42d4f311780c5df44ee0ba,SUCCESS,1483573259,openstack-trove-ui-8.0.0-0.20170104234300.41f4a2c.el7.centos
openstack-sahara-ui,git://git.openstack.org/openstack/sahara-dashboard,fa5a784852a43e7442b213bb4a20b430ec29b901,https://github.com/rdo-packages/sahara-dashboard-distgit.git,ae4b8081e17b6d67445dce796b395190df6238b1,SUCCESS,1482843975,openstack-sahara-ui-6.0.0-0.20161227130640.fa5a784.el7.centos
python-keystoneclient,git://git.openstack.org/openstack/python-keystoneclient,f7c1d45a04bb2b024a985b8e30245d38f2bf8442,https://github.com/rdo-packages/keystoneclient-distgit.git,68b4ce6db4dd0023d2b470c7f8452a3b1701fc55,SUCCESS,1480675181,python-keystoneclient-3.8.0-0.20161202104120.f7c1d45.el7.centos
python-glanceclient,git://git.openstack.org/openstack/python-glanceclient,d4196325eb05dadfaf62d8facbd8c6fe50f72166,https://github.com/rdo-packages/glanceclient-distgit.git,2de0940fdf57efc3c2b75a46e90dfd8e3bb66e3b,SUCCESS,1478891809,python-glanceclient-2.5.0-0.20161111191712.d419632.el7.centos
python-novaclient,git://git.openstack.org/openstack/python-novaclient,25117fa866b5b80f81fcb559b21525d2b107b2f7,https://github.com/rdo-packages/novaclient-distgit.git,a45a8be339e70ff70161958b7eba0633b82aac66,SUCCESS,1475518568,python-novaclient-6.0.0-0.20161003181629.25117fa.el7.centos
python-swiftclient,git://git.openstack.org/openstack/python-swiftclient,5a620f83e88d1b52e013cedff4bc266bcf3c292a,https://github.com/rdo-packages/swiftclient-distgit.git,1b34a523ac5f7f01db601ca07d7f39aba8c17706,SUCCESS,1479209645,python-swiftclient-3.2.0-0.20161115113427.5a620f8.el7.centos
python-ceilometerclient,git://git.openstack.org/openstack/python-ceilometerclient,5328c3168a7ed011fc2c6ac16ba8f8e4f9c5e380,https://github.com/rdo-packages/ceilometerclient-distgit.git,365233d4682cc83161b799e34bf60b39c8d1eb46,SUCCESS,1478601710,python-ceilometerclient-2.7.0-0.20161108104210.5328c31.el7.centos
python-heatclient,git://git.openstack.org/openstack/python-heatclient,5fe6a8bb1aa26ff2e9554eee278021686b0b9c8a,https://github.com/rdo-packages/heatclient-distgit.git,5201c7aee29c46d964acbc645f9151199b23c64d,SUCCESS,1482155513,python-heatclient-1.7.0-0.20161219135343.5fe6a8b.el7.centos
python-cinderclient,git://git.openstack.org/openstack/python-cinderclient,e15d8e7f0920cb7cd5719d2861dea886bd6f9cb0,https://github.com/rdo-packages/cinderclient-distgit.git,47cef97afc20b906df4c44f5102916a7f5656d08,SUCCESS,1479169481,python-cinderclient-1.9.0-0.20161115002502.e15d8e7.el7.centos
python-ironicclient,git://git.openstack.org/openstack/python-ironicclient,e512550ab7d61b8bdafd50022dfa8b80a8502922,https://github.com/rdo-packages/ironicclient-distgit.git,27671eee7af8ff3ec0e44adea2e3525743baae6d,SUCCESS,1478790979,python-ironicclient-1.8.0-0.20161110151642.e512550.el7.centos
python-neutronclient,git://git.openstack.org/openstack/python-neutronclient,f53d6241987bbf6c261069e0a62ebabcc0a83c67,https://github.com/rdo-packages/neutronclient-distgit.git,c36b3b63186453abdc68528c40d46cd6be1eb7c4,SUCCESS,1480932841,python-neutronclient-6.0.0-0.20161205101534.f53d624.el7.centos
python-saharaclient,git://git.openstack.org/openstack/python-saharaclient,ea15f60307c5cea6b0f2f567c9b6fa67e0723946,https://github.com/rdo-packages/saharaclient-distgit.git,72a1e61abb829696d35ef4bad874636f8da5b670,SUCCESS,1478790839,python-saharaclient-1.0.0-0.20161110151419.ea15f60.el7.centos
python-troveclient,git://git.openstack.org/openstack/python-troveclient,20eb0a4bd180d3137c7986cfb8065412746eed80,https://github.com/rdo-packages/troveclient-distgit.git,5058cac108d0dde46e556e091766c082ca8832fa,SUCCESS,1482154608,python-troveclient-2.7.0-0.20161219133713.20eb0a4.el7.centos
python-vitrageclient,git://git.openstack.org/openstack/python-vitrageclient,748b18d6b39b2ffdabaf8901f16c75deaeab8344,https://github.com/rdo-packages/vitrageclient-distgit.git,60a8df47cf6b630949894be0f2388bc63079d4e2,SUCCESS,1480413161,python-vitrageclient-1.0.2-0.20161129095412.748b18d.el7.centos
python-designateclient,git://git.openstack.org/openstack/python-designateclient,2912647d00f6ad4f1f2dc1f62357516cd18068c2,https://github.com/rdo-packages/designateclient-distgit.git,c4fa1ca5b61b631994127fa57f1498e59dc28504,SUCCESS,1482154915,python-designateclient-2.4.0-0.20161219134338.2912647.el7.centos
python-manilaclient,git://git.openstack.org/openstack/python-manilaclient,b5b1ebed6244548f07c1e8c1a6923deaf2192445,https://github.com/rdo-packages/manilaclient-distgit.git,d2733a4aa0e3d0c1f4434ae67de05429684cdd78,SUCCESS,1475535959,python-manilaclient-1.11.0-0.20161003230619.b5b1ebe.el7.centos
python-barbicanclient,git://git.openstack.org/openstack/python-barbicanclient,06066e77845641fcb193a321d7f10c0387073dff,https://github.com/rdo-packages/barbicanclient-distgit.git,26487f487db96791de2aeefd281a29f2ae414619,SUCCESS,1475532794,python-barbicanclient-4.1.0-0.20161003221335.06066e7.el7.centos
python-cloudkittyclient,git://git.openstack.org/openstack/python-cloudkittyclient,87cdbb1340441429ad33a24c2039280760c12781,https://github.com/rdo-packages/cloudkittyclient-distgit.git,2400978ecf70e2f390904be81bbff3f7f96c93f9,SUCCESS,1481805682,python-cloudkittyclient-0.6.1-0.20161215124143.87cdbb1.el7.centos
python-keystonemiddleware,git://git.openstack.org/openstack/keystonemiddleware,e0e9a0e20457532dfd8277240e43f4229564092b,https://github.com/rdo-packages/keystonemiddleware-distgit.git,13b91fdeed050e13a0befb53eff80455587609f9,SUCCESS,1482155671,python-keystonemiddleware-4.12.0-0.20161219135615.e0e9a0e.el7.centos
python-ceilometermiddleware,git://git.openstack.org/openstack/ceilometermiddleware,87bd49b62e0e68d8be7c4f77d60eac19c14f9592,https://github.com/rdo-packages/ceilometermiddleware-distgit.git,4c5aae7933bf8d6dde87fc430e1422357402bff1,SUCCESS,1478790749,python-ceilometermiddleware-1.0.0-0.20161110151308.87bd49b.el7.centos
python-openstackclient,git://git.openstack.org/openstack/python-openstackclient,3816b4b90a84ed3917d07af4c95a46cce0519ea7,https://github.com/rdo-packages/openstackclient-distgit.git,32c5a2ce98dbc8ef5fdb6bc8931e8e61704dc13b,SUCCESS,1482450887,python-openstackclient-3.6.0-0.20161222235539.3816b4b.el7.centos
python-ironic-inspector-client,git://git.openstack.org/openstack/python-ironic-inspector-client,0eae82e24f943ac4e5caffe06a36c2cbe4c79a6e,https://github.com/rdo-packages/ironic-inspector-client-distgit.git,6389f88d010f5ddbb36ab4ca6dcd1db386cd481a,SUCCESS,1482154467,python-ironic-inspector-client-1.10.0-0.20161219133602.0eae82e.el7.centos
python-tripleoclient,git://git.openstack.org/openstack/python-tripleoclient,83d6d177e1a595b3eb6594c4e3e618b5efce372f,https://github.com/rdo-packages/tripleoclient-distgit.git,7082fe7093eb2c7bea8b3e0b98423af7f650d202,SUCCESS,1483630103,python-tripleoclient-5.7.1-0.20170105152901.83d6d17.el7.centos
python-zaqarclient,git://git.openstack.org/openstack/python-zaqarclient,03fe685473ff1c18d414e90847766e4d749964da,https://github.com/rdo-packages/zaqarclient-distgit.git,a5d231410d811e7425af536a3bd7003037180007,SUCCESS,1475528946,python-zaqarclient-1.2.0-0.20161003210931.03fe685.el7.centos
python-openstacksdk,git://git.openstack.org/openstack/python-openstacksdk,de32b3345eab9c6ec55f49b98d83ff852f300954,https://github.com/rdo-packages/openstacksdk-distgit.git,352098ad24c5a4839428639da7ff971262d3dd9e,SUCCESS,1479381901,python-openstacksdk-0.9.10-0.20161117112532.de32b33.el7.centos
python-gnocchiclient,git://git.openstack.org/openstack/python-gnocchiclient,3615beca8fa7fd40606fba6da47fb136d0d8efc0,https://github.com/rdo-packages/gnocchiclient-distgit.git,221a6f4768d47226e0b50afffe4e388756195215,SUCCESS,1483523166,python-gnocchiclient-2.7.1-0.20170104094737.3615bec.el7.centos
python-aodhclient,git://git.openstack.org/openstack/python-aodhclient,9ea45584f214c1e4582c77911783fb3485bec88a,https://github.com/rdo-packages/aodhclient-distgit.git,f3795228eb6b33a25fa45ed25a5753f5b1c1f64d,SUCCESS,1475536128,python-aodhclient-0.7.0-0.20161003230908.9ea4558.el7.centos
python-mox3,git://git.openstack.org/openstack/mox3,22c02dc7469d73dd873cc28ebc1b21d61cdda790,https://github.com/rdo-packages/mox3-distgit.git,98bc7d702056cdacb0ed8932cbfc725fab861821,SUCCESS,1475517826,python-mox3-0.18.0-0.20161003180405.22c02dc.el7.centos
python-oslotest,git://git.openstack.org/openstack/oslotest,f1e0100cdf731bfd6fa2ee7449c44bd3341d4c62,https://github.com/rdo-packages/oslotest-distgit.git,831d5c1bd04997c2ed7446f30328d738a0354ef7,SUCCESS,1480673500,python-oslotest-2.12.0-0.20161202101204.f1e0100.el7.centos
python-oslo-sphinx,git://git.openstack.org/openstack/oslosphinx,8d1cf4f0d8df7e6a58ae39c38d38ba9f59690468,https://github.com/rdo-packages/oslo-sphinx-distgit.git,a2d983e143cc7ded771c0c0af62c0855122640fa,SUCCESS,1482359700,python-oslo-sphinx-4.9.1-0.20161221223631.8d1cf4f.el7.centos
python-oslo-i18n,git://git.openstack.org/openstack/oslo.i18n,b22d9628d01920e69ae263388d5fe1f07a65641b,https://github.com/rdo-packages/oslo-i18n-distgit.git,cc059869744c6ef578952967a9ed9a5044e8f9aa,SUCCESS,1481124051,python-oslo-i18n-3.11.0-0.20161207152120.b22d962.el7.centos
python-oslo-messaging,git://git.openstack.org/openstack/oslo.messaging,ea61a810142e46a88b7120ad2899ec3b38b66516,https://github.com/rdo-packages/oslo-messaging-distgit.git,463491669aab4cd29ef9eddc9646752899ea8079,SUCCESS,1482450621,python-oslo-messaging-5.16.0-0.20161222235050.ea61a81.el7.centos
python-oslo-cache,git://git.openstack.org/openstack/oslo.cache,4943ce9620aae3813802d44d5f1473b61fa0c483,https://github.com/rdo-packages/oslo-cache-distgit.git,76db949cc918ebb0532842f5f6be95882924509d,SUCCESS,1480673942,python-oslo-cache-1.16.0-0.20161202102037.4943ce9.el7.centos
python-oslo-config,git://git.openstack.org/openstack/oslo.config,aed4dcd893e9c3860074655b1fc3c39bff7c7c4e,https://github.com/rdo-packages/oslo-config-distgit.git,d0fb3524f75d79181ee3f20f2e34e02b6e7ff17b,SUCCESS,1481273281,python-oslo-config-3.21.0-0.20161209084934.aed4dcd.el7.centos
python-oslo-concurrency,git://git.openstack.org/openstack/oslo.concurrency,3f08e9c215b4bbea5d25f15d125ee81d492c2ab3,https://github.com/rdo-packages/oslo-concurrency-distgit.git,b7acd75ad9bb264414638d86825596eda266614e,SUCCESS,1481123652,python-oslo-concurrency-3.16.0-0.20161207151556.3f08e9c.el7.centos
python-oslo-rootwrap,git://git.openstack.org/openstack/oslo.rootwrap,c2f337b9b6ddf35b704d28f4a5facbbe1d37225d,https://github.com/rdo-packages/oslo-rootwrap-distgit.git,af3cdcfb3e97520f937be538691da9bae6bd8158,SUCCESS,1480673806,python-oslo-rootwrap-5.3.0-0.20161202101820.c2f337b.el7.centos
python-oslo-serialization,git://git.openstack.org/openstack/oslo.serialization,1dc9e0de3c76e526b5ab2a107458d82f3abd0a95,https://github.com/rdo-packages/oslo-serialization-distgit.git,ac2cf3ffe3380749e378e6e0e930bc44daba82d1,SUCCESS,1481123897,python-oslo-serialization-2.15.0-0.20161207151959.1dc9e0d.el7.centos
python-oslo-middleware,git://git.openstack.org/openstack/oslo.middleware,6feaa13610c450c8486f969703768db5319b4846,https://github.com/rdo-packages/oslo-middleware-distgit.git,0c3bd49c6d84c70164a2fa2b2d2779078623cf3c,SUCCESS,1481206745,python-oslo-middleware-3.22.0-0.20161208141929.6feaa13.el7.centos
python-oslo-db,git://git.openstack.org/openstack/oslo.db,e8e2421f8bc7ae861061bc5cef89934e0bccfdaf,https://github.com/rdo-packages/oslo-db-distgit.git,24471143a9f55c174b3dd4e663f98ef7dc0b9fe4,SUCCESS,1481207021,python-oslo-db-4.16.0-0.20161208142520.e8e2421.el7.centos
python-oslo-utils,git://git.openstack.org/openstack/oslo.utils,fde88a880272e7b6e7451433725d18bf74003856,https://github.com/rdo-packages/oslo-utils-distgit.git,03964cc17cdfc3e46eba50933b94a3910370003c,SUCCESS,1482450432,python-oslo-utils-3.21.0-0.20161222234845.fde88a8.el7.centos
python-oslo-vmware,git://git.openstack.org/openstack/oslo.vmware,e0fb3094f2b6347f38fff009073b95e8a15bcf89,https://github.com/rdo-packages/oslo-vmware-distgit.git,9f4be301b222f256d7bc718fed5388b6558f49b5,SUCCESS,1481125352,python-oslo-vmware-2.16.0-0.20161207154256.e0fb309.el7.centos
python-oslo-context,git://git.openstack.org/openstack/oslo.context,b788a184a05edef5b3d8a6f9ee84ea366c847196,https://github.com/rdo-packages/oslo-context-distgit.git,e2fa636a26fb6ea5755f7a6c13ea9d4385a82df0,SUCCESS,1481124126,python-oslo-context-2.11.0-0.20161207152340.b788a18.el7.centos
python-oslo-log,git://git.openstack.org/openstack/oslo.log,92f87422ad1f013b96ffdca51e6dad1737e9905f,https://github.com/rdo-packages/oslo-log-distgit.git,6723c0d4adf9133ef03f3bd153c45cfbf21c3cce,SUCCESS,1481207377,python-oslo-log-3.19.0-0.20161208143119.92f8742.el7.centos
python-oslo-policy,git://git.openstack.org/openstack/oslo.policy,f56b767dddea4736ce6097177ee599786665141e,https://github.com/rdo-packages/oslo-policy-distgit.git,565bb93922819eaae7215e97c1a5a953ed66d5c8,SUCCESS,1481125582,python-oslo-policy-1.17.0-0.20161207154758.f56b767.el7.centos
python-oslo-versionedobjects,git://git.openstack.org/openstack/oslo.versionedobjects,1d0de80f738b3202b33e2ab168879f31e2e20745,https://github.com/rdo-packages/oslo-versionedobjects-distgit.git,42f6187e7eb8b53053c7feabbc24918bdfb98905,SUCCESS,1481207196,python-oslo-versionedobjects-1.20.0-0.20161208142826.1d0de80.el7.centos
python-oslo-service,git://git.openstack.org/openstack/oslo.service,09d051b9f96ede95412c40a4c8320919ad152808,https://github.com/rdo-packages/oslo-service-distgit.git,c932bdc21740085bc141025e4bb1b65f3575cf17,SUCCESS,1480673657,python-oslo-service-1.18.0-0.20161202101557.09d051b.el7.centos
python-oslo-reports,git://git.openstack.org/openstack/oslo.reports,caf139164fd6c38b75d4c16f30c117e16582fe61,https://github.com/rdo-packages/oslo-reports-distgit.git,23ad8e64919b7ed77a9d195e737a0a1c765d49b2,SUCCESS,1481124712,python-oslo-reports-1.16.0-0.20161207153328.caf1391.el7.centos
python-oslo-privsep,git://git.openstack.org/openstack/oslo.privsep,8c2c6b254a61a6614ef6910618b7b11af0c7cebd,https://github.com/rdo-packages/oslo-privsep-distgit.git,99794616173ac952f7b21120553fb4821f3047cc,SUCCESS,1480673570,python-oslo-privsep-1.15.0-0.20161202101321.8c2c6b2.el7.centos
python-stevedore,git://git.openstack.org/openstack/stevedore,555bc479316abf8b9c5798b466f2d65deee34f50,https://github.com/rdo-packages/stevedore-distgit.git,3602fd7175ee71bdfe56d18dbd70f6a7422f6ea4,SUCCESS,1481206892,python-stevedore-1.19.1-0.20161208142308.555bc47.el7.centos
python-castellan,git://git.openstack.org/openstack/castellan,abf5584dd0f83a5e70f8c6417f5d5e7e13f8d848,https://github.com/rdo-packages/castellan-distgit.git,22863474bf2051aed0cb9a593024a5a1cf1ced91,SUCCESS,1475532879,python-castellan-0.4.0-0.20161003221458.abf5584.el7.centos
python-taskflow,git://git.openstack.org/openstack/taskflow,5a65db965165e885a24e99cb588bbe200f5859cb,https://github.com/rdo-packages/taskflow-distgit.git,45155edca6d2bf716cca4a8a3ba02a9f0135a3c6,SUCCESS,1481124850,python-taskflow-2.8.0-0.20161207153556.5a65db9.el7.centos
python-pycadf,git://git.openstack.org/openstack/pycadf,d94f1b4186011170dc8e7de47e044eac5ef46fb3,https://github.com/rdo-packages/pycadf-distgit.git,b33c8a1c75748fa1a2598f42eb7f328308da5c5e,SUCCESS,1475530883,python-pycadf-2.4.0-0.20161003214141.d94f1b4.el7.centos
python-debtcollector,git://git.openstack.org/openstack/debtcollector,bd2a83642564766d73fa4a561ba1ca1af728a3e3,https://github.com/rdo-packages/debtcollector-distgit.git,2c992bb60d72b741ed3364540b87eec714ff44af,SUCCESS,1481124260,python-debtcollector-1.10.0-0.20161207152555.bd2a836.el7.centos
python-automaton,git://git.openstack.org/openstack/automaton,3c9251ccf8631cd091143ae4d69bba57ccddedfc,https://github.com/rdo-packages/automaton-distgit.git,99ca4dd38541ff92482bd34871a6a5506152d602,SUCCESS,1481124393,python-automaton-1.6.0-0.20161207152812.3c9251c.el7.centos
python-cliff,git://git.openstack.org/openstack/cliff,4c367b433bb53c8ef23e7ea737260b0695cc2735,https://github.com/rdo-packages/cliff-distgit.git,7a36b113e9411914bd76d33d326d946c734d4ff2,SUCCESS,1479382022,python-cliff-2.3.0-0.20161117112725.4c367b4.el7.centos
python-futurist,git://git.openstack.org/openstack/futurist,d38f4ccf02a6898d3e586a09bc1eceb3982f07fb,https://github.com/rdo-packages/futurist-distgit.git,934bf31ba3825cfd4c088dd1ff3b5f750a4e492a,SUCCESS,1480674088,python-futurist-0.20.0-0.20161202102301.d38f4cc.el7.centos
python-cursive,git://git.openstack.org/openstack/cursive,d5e395cc351911ca1f2ffd0446986912309f87a0,https://github.com/rdo-packages/cursive-distgit.git,3e7a13b92c955be3d51e0b9382a55b6a05ad1ad5,SUCCESS,1475535114,python-cursive-0.1.1-0.20161003225214.d5e395c.el7.centos
python-hacking,git://git.openstack.org/openstack-dev/hacking,c82a0b0a331f4dbb8d7d65c59ecc8649fec44bd9,https://github.com/rdo-packages/hacking-distgit.git,8847df0c9d73dc8520abde8848ac079005b9a9dd,SUCCESS,1483666874,python-hacking-0.13.1-0.20170106014254.c82a0b0.el7.centos
python-wsme,git://git.openstack.org/openstack/wsme,9676ffcd1d0794b6f55592e548c50e053c476eb9,https://github.com/rdo-packages/wsme-distgit.git,bf7b06daf579e622c315a2e8ff2e6e3055cb55e3,SUCCESS,1483547554,python-wsme-0.9.1-0.20170104163422.9676ffc.el7.centos
openstack-packstack,git://git.openstack.org/openstack/packstack,7b1d09f6549439d0bab3622bae2675620a8acba3,https://github.com/rdo-packages/packstack-distgit.git,ff76c33dfa403f01da1f7f23821fe7faf70fff18,SUCCESS,1483637889,openstack-packstack-10.0.0-0.20170105173947.7b1d09f.el7.centos
openstack-puppet-modules,git://github.com/redhat-openstack/openstack-puppet-modules,8c758d68f81a9a8b918d690928989cb3ecf7ab94,https://github.com/rdo-packages/openstack-puppet-modules-distgit.git,a16d7590b284ba521b99bf93a2d085f6afa98311,SUCCESS,1481850626,openstack-puppet-modules-9.3.0-0.20161216011152.8c758d6.el7.centos
openstack-tripleo-common,git://git.openstack.org/openstack/tripleo-common,e41690e60ab8bd1ed711ad33b60d7e11c105a67d,https://github.com/rdo-packages/tripleo-common-distgit.git,990cf0d054d452f5d4b33a162e1a4e379d9fe999,SUCCESS,1483630420,openstack-tripleo-common-5.7.1-0.20170105153413.e41690e.el7.centos
openstack-tripleo-ui,git://git.openstack.org/openstack/tripleo-ui,1a737d079422ce2b33fa61891f016f206c41e7f0,https://github.com/rdo-packages/tripleo-ui-distgit.git,a16b4e19d149fe334cccc817c57287357ce23b4a,SUCCESS,1482159456,openstack-tripleo-ui-2.0.1-0.20161219145858.1a737d0.el7.centos
python-osprofiler,git://git.openstack.org/openstack/osprofiler,8027a1d3b7e7b0d3cb7fbccecc20a173cc5b9ddb,https://github.com/rdo-packages/osprofiler-distgit.git,d9b236ccb04581c2439833db7b61a30f25e09474,SUCCESS,1480414361,python-osprofiler-1.4.0-0.20161129101420.8027a1d.el7.centos
python-networking-arista,git://git.openstack.org/openstack/networking-arista,9f849a831eb086a5c8712eba5aa058611a47a617,https://github.com/rdo-packages/networking-arista-distgit.git,e49ee537fc14ca242c3c0b1b99413e444452d5f6,SUCCESS,1483584378,python-networking-arista-2016.2.1-0.20170105024804.9f849a8.el7.centos
python-networking-mlnx,git://git.openstack.org/openstack/networking-mlnx,05e55cbd95c683fbe56620f8b4fcf291adebab5f,https://github.com/rdo-packages/networking-mlnx-distgit.git,9d2f7f304df5d1d778aa326d0fc603b11fe42910,SUCCESS,1482155919,python-networking-mlnx-0.0.1-0.20161219140038.05e55cb.el7.centos
python-networking-odl,git://git.openstack.org/openstack/networking-odl,b35fb0953d0fbf4cd0f0beadec0086f52752fe84,https://github.com/rdo-packages/networking-odl-distgit.git,66083417a5a17aff3f43c9b6a4bbc3e16ab85bc2,SUCCESS,1483679995,python-networking-odl-3.1.1-0.20170106052139.b35fb09.el7.centos
python-networking-vmware-nsx,git://git.openstack.org/openstack/vmware-nsx,53b8498fc6c6e1de6619f2c1be02d1887ae50677,https://github.com/rdo-packages/vmware-nsx-distgit.git,1164d4c07d91ef7df484915fb41fb8d106eef231,SUCCESS,1483691909,python-networking-vmware-nsx-0.0.2-0.20170106084030.53b8498.el7.centos
python-vmware-nsxlib,git://git.openstack.org/openstack/vmware-nsxlib,fc115e460515386d3d3308c4349fd9645761891f,https://github.com/rdo-packages/vmware-nsxlib-distgit.git,9ef56a09c7a1b4def3f686ebd5ee887faa596600,SUCCESS,1482450724,python-vmware-nsxlib-0.5.0-0.20161222235349.fc115e4.el7.centos
python-networking-bigswitch,git://git.openstack.org/openstack/networking-bigswitch,4fe27b30c2a83a3b7023f64db34a3e64e149749c,https://github.com/rdo-packages/networking-bigswitch-distgit.git,f923e19e3414e0f41da22dc5e502cbea4204dc3b,SUCCESS,1482767005,python-networking-bigswitch-7.0.6-0.20161226154500.4fe27b3.el7.centos
python-networking-ovn,git://git.openstack.org/openstack/networking-ovn,6cd34ec6e8a60f1e4c57c626a3a12bb95976c7cf,https://github.com/rdo-packages/networking-ovn-distgit.git,c56f74905d5e4976e9df5497158deb1f36cc3ae6,SUCCESS,1482500620,python-networking-ovn-2.0.0-0.20161223134521.6cd34ec.el7.centos
python-networking-cisco,git://git.openstack.org/openstack/networking-cisco,3bd3f90b5ddb4553525abc5f87ba759bf2e7a2e5,https://github.com/rdo-packages/networking-cisco-distgit.git,87730e37f2ff953be9b00317d64be67fdecce159,SUCCESS,1483471570,python-networking-cisco-4.0.1-0.20170103192657.3bd3f90.el7.centos
python-UcsSdk,git://github.com/CiscoUcs/UcsPythonSDK,bf6b07d6abeacb922c92b198352eda4eb9e4629b,https://github.com/rdo-packages/UcsSdk-distgit.git,f55140164e95d1695c2395297dae2ad64a4f2a31,SUCCESS,1475580402,python-UcsSdk-0.8.2.5-0.20161004112702.bf6b07d.el7.centos
python-ironic-cisco,git://git.openstack.org/openstack/cisco-ironic-contrib,b918a5af7a75c25f4b354125ce32a3a0dbe180c4,https://github.com/rdo-packages/cisco-ironic-contrib-distgit.git,4caa3c9cb42bbff8a722fbc3264851e452ed9086,SUCCESS,1475580475,python-ironic-cisco-0.0.1-0.20161004112813.b918a5a.el7.centos
openstack-tripleo-puppet-elements,git://git.openstack.org/openstack/tripleo-puppet-elements,dd005261a24a76a48d40661721c43c03aa6ec16d,https://github.com/rdo-packages/tripleo-puppet-elements-distgit.git,9c2c2a7ce027b9ea0d782e74bc24e5a9f7d416df,SUCCESS,1483617035,openstack-tripleo-puppet-elements-6.0.0-0.20170105115204.dd00526.el7.centos
python-os-brick,git://git.openstack.org/openstack/os-brick,e016afb78cfd44cdc1fb77012814ca4cf8a8b9d3,https://github.com/rdo-packages/os-brick-distgit.git,f2819f3cc2159cd5348e1464ac24492a1198dcbd,SUCCESS,1480351405,python-os-brick-1.8.0-0.20161128164357.e016afb.el7.centos
python-hardware,git://github.com/redhat-cip/hardware.git,f6492106beca1ba4c2f824e7fc816e917f989aa1,https://github.com/rdo-packages/hardware-distgit.git,baa8f999d0a8d15995be98c18f591041f33a29cb,SUCCESS,1481299597,python-hardware-0.18.1-0.20161209160919.f649210.el7.centos
python-keystoneauth1,git://github.com/openstack/keystoneauth,3e2ea6a9ccfb260fc21a7e49b863a5e778c743f1,https://github.com/rdo-packages/keystoneauth1-distgit.git,9fdefa0629ff103b1c25ea5f8d23cb0a5dae9011,SUCCESS,1481125020,python-keystoneauth1-2.16.0-0.20161207153835.3e2ea6a.el7.centos
openstack-rally,git://git.openstack.org/openstack/rally,9a760add37b06171036a2d27dffac38e487b2498,https://github.com/rdo-packages/rally-distgit.git,a9dacb56a2a241d95d87be7b31cb017746b079ec,SUCCESS,1483481060,openstack-rally-0.7.1-0.20170103220616.9a760ad.el7.centos
openstack-tempest,git://github.com/redhat-openstack/tempest.git,afec85c1420a3d95f5f52cbf4e9085f050378bfb,https://github.com/rdo-packages/tempest-distgit.git,7e764b3d52403c66909d35ff06104fa67c1a8191,SUCCESS,1481537060,openstack-tempest-13.0.1-0.20161212100614.afec85c.el7.centos
python-tempest-lib,git://git.openstack.org/openstack/tempest-lib,781aec763e6f46f070c960e5e19a4c0d5be1ecb8,https://github.com/rdo-packages/tempest-lib-distgit.git,e7e2b8a73b4b6b624142ab080dd9fd1dbf404daa,SUCCESS,1478086843,python-tempest-lib-1.0.0-0.20161102114111.781aec7.el7.centos
python-os-testr,git://git.openstack.org/openstack/os-testr,0de62e38e6c833471bee690c4e5a0375ee609fca,https://github.com/rdo-packages/os-testr-distgit.git,4f4b263d6d451bfc32b7efb20b0138273cff8470,SUCCESS,1475528368,python-os-testr-0.8.0-0.20161003205947.0de62e3.el7.centos
python-proliantutils,git://git.openstack.org/openstack/proliantutils,615ac0eee2bccfe50bd73671b900de5b29664c1b,https://github.com/rdo-packages/proliantutils-distgit.git,314710fc3af41e3000ed7c27c12d320f5cea8c0b,SUCCESS,1483678229,python-proliantutils-2.1.12-0.20170106045050.615ac0e.el7.centos
python-dracclient,git://git.openstack.org/openstack/python-dracclient,aa25303e3d5aa10d0c115881560e7bd055cab42a,https://github.com/rdo-packages/dracclient-distgit.git,b1f2d7cd678e12210bed2f398190df1115beb634,SUCCESS,1479503745,python-dracclient-1.0.1-0.20161118211605.aa25303.el7.centos
python-mistralclient,git://git.openstack.org/openstack/python-mistralclient,1dcfc2c096a4610d63611bfd7d98687f3e5e2da4,https://github.com/rdo-packages/mistralclient-distgit.git,479f3a9906edf0fc81ec2469839dd8b5a3399f85,SUCCESS,1481125201,python-mistralclient-2.1.2-0.20161207154141.1dcfc2c.el7.centos
openstack-mistral,git://git.openstack.org/openstack/mistral,9af87bc735991d76ae876ca340e3637518660810,https://github.com/rdo-packages/mistral-distgit.git,b22caa60fae7d4de8aca995522e4cf9209a9bb32,SUCCESS,1483581740,openstack-mistral-4.0.0-0.20170105020426.9af87bc.el7.centos
python-requestsexceptions,git://github.com/openstack-infra/requestsexceptions,19ee96965ad3b3122571bc2eee2620f8eed1ba88,https://github.com/rdo-packages/requestsexceptions-distgit.git,6be3f1d8ba5ddc24e2036de8c07700646ab5252f,SUCCESS,1475528437,python-requestsexceptions-1.1.3-0.20161003210055.19ee969.el7.centos
openstack-app-catalog-ui,git://git.openstack.org/openstack/app-catalog-ui,4f5e9f658b309b361f0148945a0a1ae63621090d,https://github.com/rdo-packages/app-catalog-ui-distgit.git,f20939e227326a765e72a824a0fd3f573b81e64c,SUCCESS,1481479921,openstack-app-catalog-ui-1.0.1-0.20161211181337.4f5e9f6.el7.centos
openstack-mistral-ui,git://git.openstack.org/openstack/mistral-dashboard,dc380d9ff70902c28bf3f6ff08de43ad9da12a42,https://github.com/rdo-packages/mistral-dashboard-distgit.git,39773133c9c8d14ffcdc8f4990f906b3a7486b26,SUCCESS,1483537573,openstack-mistral-ui-4.0.0-0.20170104134747.dc380d9.el7.centos
openstack-magnum-ui,git://git.openstack.org/openstack/magnum-ui,0d0a76ca93b85e5c6616614c021a3db1d6c7c1d4,https://github.com/rdo-packages/magnum-ui-distgit.git,d53bafe9ae1bff3927c87a702a719889fbe0bb3c,SUCCESS,1483471376,openstack-magnum-ui-2.1.1-0.20170103192454.0d0a76c.el7.centos
python-tooz,git://git.openstack.org/openstack/tooz,5f905c86c9983338636eeaeaf13865230c488007,https://github.com/rdo-packages/tooz-distgit.git,046aaf6c5b389b726970812a47528afb656125c9,SUCCESS,1481206609,python-tooz-1.46.0-0.20161208141824.5f905c8.el7.centos
python-magnumclient,git://git.openstack.org/openstack/python-magnumclient,14dfc7d61664b03d2b7bed74dd032c60a0d86a19,https://github.com/rdo-packages/magnumclient-distgit.git,c0b465617f93cd153bc7578bde693f2aa6fbd730,SUCCESS,1478601776,python-magnumclient-2.3.1-0.20161108104324.14dfc7d.el7.centos
python-congressclient,git://git.openstack.org/openstack/python-congressclient,3350e117da864ee1716edfab455aa39d18ebfe4d,https://github.com/rdo-packages/congressclient-distgit.git,2dc0103d448a710ff10c0889045f6ead513ca6ac,SUCCESS,1475581519,python-congressclient-1.5.0-0.20161004114538.3350e11.el7.centos
python-muranoclient,git://git.openstack.org/openstack/python-muranoclient,2600d963ff909578b796f4faa6d72382b4156261,https://github.com/rdo-packages/muranoclient-distgit.git,b53b3c3ebbe1feed0352622f1f512ea2dc486585,SUCCESS,1478528541,python-muranoclient-0.11.1-0.20161107142245.2600d96.el7.centos
openstack-murano,git://git.openstack.org/openstack/murano,2e52f3d1cac3d7cf6685417f644d2db25ed21067,https://github.com/rdo-packages/murano-distgit.git,9ea4a6644eacfbb838cebea89f4f51140f6140bf,SUCCESS,1483667015,openstack-murano-3.0.0-0.20170106014411.2e52f3d.el7.centos
openstack-murano-agent,git://git.openstack.org/openstack/murano-agent,918d7f4ac357adc0e27deff3bc4f9da3e227823d,https://github.com/rdo-packages/murano-agent-distgit.git,86f8aa631c89e84be708803bbaf795deec00bdc6,SUCCESS,1483489997,openstack-murano-agent-3.0.0-0.20170104003455.918d7f4.el7.centos
openstack-murano-ui,git://git.openstack.org/openstack/murano-dashboard,5d189b92e5adf54125200f3b77c6c3f75981e99b,https://github.com/rdo-packages/murano-dashboard-distgit.git,35e8fe960556a05f06781468140434af4ef50361,SUCCESS,1483488592,openstack-murano-ui-3.0.0-0.20170104001150.5d189b9.el7.centos
python-reno,git://git.openstack.org/openstack/reno,7239f6c071302e26116f25a618f205cd0016fd52,https://github.com/rdo-packages/reno-distgit.git,d5e5c83ca6abb08de51c20c2fa52723efe8f4e5e,SUCCESS,1482451125,python-reno-2.0.0-0.20161223000020.7239f6c.el7.centos
python-k8sclient,git://git.openstack.org/openstack/python-k8sclient,a2169399ae279d2773d62d5716b551df1c31de1b,https://github.com/rdo-packages/k8sclient-distgit.git,d0b481cdb90db8a9b36614fe92a0dfddb3d1d11c,SUCCESS,1475569470,python-k8sclient-0.3.0-0.20161004082452.a216939.el7.centos
python-microversion-parse,git://git.openstack.org/openstack/microversion-parse,1f6eac7c3df048679663919f75c2bcecd3e183a2,https://github.com/rdo-packages/microversion-parse-distgit.git,65fa02a4ec2aa7b4ca19f827c2c1a9f9df939f3b,SUCCESS,1475581211,python-microversion-parse-0.1.4-0.20161004114030.1f6eac7.el7.centos
python-osc-lib,git://git.openstack.org/openstack/osc-lib,5099a55fa6377fba54b477cff7304ddaafa6df78,https://github.com/rdo-packages/osc-lib-distgit.git,21dc2f5a33d93162e394fcd13e418d6388288c76,SUCCESS,1479121764,python-osc-lib-1.2.0-0.20161114110944.5099a55.el7.centos
python-horizon-tests-tempest,git://git.openstack.org/openstack/tempest-horizon,b6f352de92a3f1a588e88afac936ec230592947f,https://github.com/rdo-packages/tempest-horizon-distgit.git,c866db32f991b75b7ac4016e7f394dec105f7ba4,SUCCESS,1475582003,python-horizon-tests-tempest-0.0.1-0.20161004115342.b6f352d.el7.centos
python-os-vif,git://git.openstack.org/openstack/os-vif,88c21d7d69905308f021c7546609b9c30b761806,https://github.com/rdo-packages/os-vif-distgit.git,aebfd8481c0fe61b5fc69cc0d4291ec632adb1d8,SUCCESS,1478255675,python-os-vif-1.3.0-0.20161104103455.88c21d7.el7.centos
openstack-sahara-tests,git://git.openstack.org/openstack/sahara-tests,b3a8dc4ca64ac2459aeefd7b176e13c34d8ef3db,https://github.com/rdo-packages/sahara-tests-distgit.git,b6aab5a8bee149764d4d2d96302a7bb1cff49884,SUCCESS,1482850086,openstack-sahara-tests-0.3.1-0.20161227144830.b3a8dc4.el7.centos
python-os-faults,git://git.openstack.org/openstack/os-faults,2086d2397c05716f1e9da0b3ca7d7172de1831f8,https://github.com/rdo-packages/os-faults-distgit.git,ae5742d958c8499e5ac42826e8bbe2961d06abdd,SUCCESS,1483105284,python-os-faults-0.1.9-0.20161230134305.2086d23.el7.centos
python-networking-bagpipe,https://github.com/openstack/networking-bagpipe,176efaf112a6521d6c92e9633c5524155f4b757f,https://github.com/rdo-packages/networking-bagpipe-distgit.git,48a18c2af837969c4432d6c287aff4579cbc7c1e,SUCCESS,1483461223,python-networking-bagpipe-5.0.1-0.20170103163405.176efaf.el7.centos
python-virtualbmc,git://git.openstack.org/openstack/virtualbmc,bd3fca16a70b8a51110d1274817fa443e45c51df,https://github.com/rdo-packages/virtualbmc-distgit.git,89da3894194be8cafc7f9106a8f43dd10c4143fa,SUCCESS,1481889309,python-virtualbmc-0.1.1-0.20161216115645.bd3fca1.el7.centos
python-networking-bgpvpn,git://git.openstack.org/openstack/networking-bgpvpn,9bcdb7386ace42b195e8311ee7356b29f63dce43,https://github.com/rdo-packages/networking-bgpvpn-distgit.git,52766f731016434723903f60961789458e97ad16,SUCCESS,1483465442,python-networking-bgpvpn-5.0.1-0.20170103174543.9bcdb73.el7.centos
python-networking-fujitsu,https://github.com/openstack/networking-fujitsu,481f2296c99ab070825f3b01a2f71005f870b0a3,https://github.com/rdo-packages/networking-fujitsu-distgit.git,b7c2718433edacbde2cd8e3eb36f9773438bc66b,SUCCESS,1482847264,python-networking-fujitsu-3.0.2-0.20161227140236.481f229.el7.centos
openstack-ironic-staging-drivers,git://git.openstack.org/openstack/ironic-staging-drivers,c3f02d1d2f110f6b815926418249ff1389c9a7cb,https://github.com/rdo-packages/ironic-staging-drivers-distgit.git,36e8b300e5cbf73fcb4bffc1f3060c2d84e57fb1,SUCCESS,1482510731,openstack-ironic-staging-drivers-0.4.1-0.20161223163233.c3f02d1.el7.centos
